seed,sample,ranking_score
1,0,0.9216282603570064
1,1,0.9194707742685744
1,2,0.9171235295108776
1,3,0.9195167853843739
1,4,0.9174628929548642
